<?xml version="1.0" encoding="UTF-8"?>
<!-- IMPORTANT: This is an internal file that has been generated
     by the Xilinx ISE software.  Any direct editing or
     changes made to this file may result in unpredictable
     behavior or data corruption.  It is strongly advised that
     users do not edit the contents of this file. -->
<DeviceUsageSummary rev="2">
<DesignStatistics TimeStamp="Thu Sep 27 20:20:52 2018"><group name="NetStatistics">
<item name="NumNets_Active" rev="2">
<attrib name="value" value="43767"/></item>
<item name="NumNets_Gnd" rev="2">
<attrib name="value" value="1"/></item>
<item name="NumNets_Vcc" rev="2">
<attrib name="value" value="1"/></item>
<item name="NumNodesOfType_Active_BENTQUAD" rev="2">
<attrib name="value" value="13452"/></item>
<item name="NumNodesOfType_Active_BOUNCEACROSS" rev="2">
<attrib name="value" value="4643"/></item>
<item name="NumNodesOfType_Active_BOUNCEIN" rev="2">
<attrib name="value" value="4209"/></item>
<item name="NumNodesOfType_Active_BUFGROUT" rev="2">
<attrib name="value" value="3"/></item>
<item name="NumNodesOfType_Active_BUFINP2OUT" rev="2">
<attrib name="value" value="19"/></item>
<item name="NumNodesOfType_Active_CLKPIN" rev="2">
<attrib name="value" value="276"/></item>
<item name="NumNodesOfType_Active_DOUBLE" rev="2">
<attrib name="value" value="54248"/></item>
<item name="NumNodesOfType_Active_GENERIC" rev="2">
<attrib name="value" value="10"/></item>
<item name="NumNodesOfType_Active_GLOBAL" rev="2">
<attrib name="value" value="371"/></item>
<item name="NumNodesOfType_Active_HLONG" rev="2">
<attrib name="value" value="161"/></item>
<item name="NumNodesOfType_Active_HQUAD" rev="2">
<attrib name="value" value="6216"/></item>
<item name="NumNodesOfType_Active_INPUT" rev="2">
<attrib name="value" value="19739"/></item>
<item name="NumNodesOfType_Active_IOBIN2OUT" rev="2">
<attrib name="value" value="23"/></item>
<item name="NumNodesOfType_Active_IOBOUTPUT" rev="2">
<attrib name="value" value="23"/></item>
<item name="NumNodesOfType_Active_LUTINPUT" rev="2">
<attrib name="value" value="91677"/></item>
<item name="NumNodesOfType_Active_OUTBOUND" rev="2">
<attrib name="value" value="38322"/></item>
<item name="NumNodesOfType_Active_OUTPUT" rev="2">
<attrib name="value" value="44925"/></item>
<item name="NumNodesOfType_Active_PADINPUT" rev="2">
<attrib name="value" value="14"/></item>
<item name="NumNodesOfType_Active_PADOUTPUT" rev="2">
<attrib name="value" value="9"/></item>
<item name="NumNodesOfType_Active_PINBOUNCE" rev="2">
<attrib name="value" value="13213"/></item>
<item name="NumNodesOfType_Active_PINFEED" rev="2">
<attrib name="value" value="100358"/></item>
<item name="NumNodesOfType_Active_SINGLE" rev="2">
<attrib name="value" value="62193"/></item>
<item name="NumNodesOfType_Active_VLONG" rev="2">
<attrib name="value" value="455"/></item>
<item name="NumNodesOfType_Active_VLONG12" rev="2">
<attrib name="value" value="546"/></item>
<item name="NumNodesOfType_Active_VQUAD" rev="2">
<attrib name="value" value="9115"/></item>
<item name="NumNodesOfType_Vcc_BOUNCEIN" rev="2">
<attrib name="value" value="203"/></item>
<item name="NumNodesOfType_Vcc_CLKPIN" rev="2">
<attrib name="value" value="225"/></item>
<item name="NumNodesOfType_Vcc_DOUBLE" rev="2">
<attrib name="value" value="4"/></item>
<item name="NumNodesOfType_Vcc_HVCCGNDOUT" rev="2">
<attrib name="value" value="3842"/></item>
<item name="NumNodesOfType_Vcc_INPUT" rev="2">
<attrib name="value" value="1671"/></item>
<item name="NumNodesOfType_Vcc_LUTINPUT" rev="2">
<attrib name="value" value="9862"/></item>
<item name="NumNodesOfType_Vcc_OUTBOUND" rev="2">
<attrib name="value" value="19"/></item>
<item name="NumNodesOfType_Vcc_OUTPUT" rev="2">
<attrib name="value" value="89"/></item>
<item name="NumNodesOfType_Vcc_PINBOUNCE" rev="2">
<attrib name="value" value="302"/></item>
<item name="NumNodesOfType_Vcc_PINFEED" rev="2">
<attrib name="value" value="11688"/></item>
<item name="NumNodesOfType_Vcc_SINGLE" rev="2">
<attrib name="value" value="29"/></item>
</group>
<group name="SiteStatistics">
<item name="BUFG-BUFGCTRL" rev="2">
<attrib name="value" value="3"/></item>
<item name="ILOGICE2-ILOGICE3" rev="2">
<attrib name="value" value="4"/></item>
<item name="IOB33-IOB33M" rev="2">
<attrib name="value" value="14"/></item>
<item name="IOB33-IOB33S" rev="2">
<attrib name="value" value="8"/></item>
<item name="OLOGICE2-OLOGICE3" rev="2">
<attrib name="value" value="4"/></item>
<item name="SLICEL-SLICEM" rev="2">
<attrib name="value" value="2489"/></item>
</group>
<group name="MiscellaneousStatistics">
<item name="AGG_BONDED_IO" rev="1">
<attrib name="value" value="23"/></item>
<item name="AGG_IO" rev="1">
<attrib name="value" value="23"/></item>
<item name="AGG_LOCED_IO" rev="1">
<attrib name="value" value="23"/></item>
<item name="AGG_SLICE" rev="1">
<attrib name="value" value="8168"/></item>
<item name="NUM_BONDED_IOB33" rev="1">
<attrib name="value" value="23"/></item>
<item name="NUM_BSFULL" rev="1">
<attrib name="value" value="1009"/></item>
<item name="NUM_BSLUTONLY" rev="1">
<attrib name="value" value="23865"/></item>
<item name="NUM_BSREGONLY" rev="1">
<attrib name="value" value="214"/></item>
<item name="NUM_BSUSED" rev="1">
<attrib name="value" value="25088"/></item>
<item name="NUM_BUFG" rev="1">
<attrib name="value" value="3"/></item>
<item name="NUM_DSP48E1" rev="1">
<attrib name="value" value="218"/></item>
<item name="NUM_ILOGICE2" rev="1">
<attrib name="value" value="4"/></item>
<item name="NUM_IOB_FF" rev="1">
<attrib name="value" value="8"/></item>
<item name="NUM_LOCED_IOB33" rev="1">
<attrib name="value" value="23"/></item>
<item name="NUM_LOGIC_O5ANDO6" rev="1">
<attrib name="value" value="8912"/></item>
<item name="NUM_LOGIC_O5ONLY" rev="1">
<attrib name="value" value="933"/></item>
<item name="NUM_LOGIC_O6ONLY" rev="1">
<attrib name="value" value="14729"/></item>
<item name="NUM_LUT_RT_DRIVES_CARRY4" rev="1">
<attrib name="value" value="300"/></item>
<item name="NUM_LUT_RT_EXO6" rev="1">
<attrib name="value" value="300"/></item>
<item name="NUM_LUT_RT_O5" rev="1">
<attrib name="value" value="19"/></item>
<item name="NUM_LUT_RT_O6" rev="1">
<attrib name="value" value="931"/></item>
<item name="NUM_OLOGICE2" rev="1">
<attrib name="value" value="4"/></item>
<item name="NUM_SLICEL" rev="1">
<attrib name="value" value="8168"/></item>
<item name="NUM_SLICE_CARRY4" rev="1">
<attrib name="value" value="3356"/></item>
<item name="NUM_SLICE_CONTROLSET" rev="1">
<attrib name="value" value="19"/></item>
<item name="NUM_SLICE_CYINIT" rev="1">
<attrib name="value" value="36004"/></item>
<item name="NUM_SLICE_F7MUX" rev="1">
<attrib name="value" value="46"/></item>
<item name="NUM_SLICE_FF" rev="1">
<attrib name="value" value="951"/></item>
<item name="NUM_SLICE_LATCHLOGIC" rev="1">
<attrib name="value" value="353"/></item>
<item name="NUM_SLICE_UNUSEDCTRL" rev="1">
<attrib name="value" value="7678"/></item>
<item name="NUM_UNUSABLE_FF_BELS" rev="1">
<attrib name="value" value="41"/></item>
<item name="Xilinx Core c_addsub_v11_0, Xilinx CORE Generator 14.5" rev="1">
<attrib name="value" value="2"/></item>
<item name="Xilinx Core c_counter_binary_v11_0, Xilinx CORE Generator 14.5" rev="1">
<attrib name="value" value="2"/></item>
<item name="Xilinx Core floating_point_v6_1, Xilinx CORE Generator 14.5" rev="1">
<attrib name="value" value="142"/></item>
</group>
</DesignStatistics>
<DeviceUsage TimeStamp="Thu Sep 27 20:20:52 2018"><group name="SiteSummary">
<item name="BUFG" rev="2">
<attrib name="total" value="1000000"/><attrib name="used" value="3"/></item>
<item name="BUFG_BUFG" rev="2">
<attrib name="total" value="1000000"/><attrib name="used" value="3"/></item>
<item name="CARRY4" rev="2">
<attrib name="total" value="1000000"/><attrib name="used" value="3356"/></item>
<item name="DSP48E1" rev="2">
<attrib name="total" value="1000000"/><attrib name="used" value="218"/></item>
<item name="DSP48E1_DSP48E1" rev="2">
<attrib name="total" value="1000000"/><attrib name="used" value="218"/></item>
<item name="FF_INIT" rev="2">
<attrib name="total" value="1000000"/><attrib name="used" value="83"/></item>
<item name="HARD0" rev="2">
<attrib name="total" value="1000000"/><attrib name="used" value="492"/></item>
<item name="HARD1" rev="2">
<attrib name="total" value="1000000"/><attrib name="used" value="776"/></item>
<item name="ILOGICE2" rev="2">
<attrib name="total" value="1000000"/><attrib name="used" value="4"/></item>
<item name="ILOGICE2_IFF" rev="2">
<attrib name="total" value="1000000"/><attrib name="used" value="4"/></item>
<item name="IOB33" rev="2">
<attrib name="total" value="1000000"/><attrib name="used" value="23"/></item>
<item name="IOB33_INBUF_EN" rev="2">
<attrib name="total" value="1000000"/><attrib name="used" value="9"/></item>
<item name="IOB33_OUTBUF" rev="2">
<attrib name="total" value="1000000"/><attrib name="used" value="14"/></item>
<item name="LUT5" rev="2">
<attrib name="total" value="1000000"/><attrib name="used" value="9864"/></item>
<item name="LUT6" rev="2">
<attrib name="total" value="1000000"/><attrib name="used" value="24872"/></item>
<item name="OLOGICE2" rev="2">
<attrib name="total" value="1000000"/><attrib name="used" value="4"/></item>
<item name="OLOGICE2_OUTFF" rev="2">
<attrib name="total" value="1000000"/><attrib name="used" value="4"/></item>
<item name="PAD" rev="2">
<attrib name="total" value="1000000"/><attrib name="used" value="23"/></item>
<item name="REG_INIT" rev="2">
<attrib name="total" value="1000000"/><attrib name="used" value="1221"/></item>
<item name="SELMUX2_1" rev="2">
<attrib name="total" value="1000000"/><attrib name="used" value="46"/></item>
<item name="SLICEL" rev="2">
<attrib name="total" value="1000000"/><attrib name="used" value="8168"/></item>
</group>
</DeviceUsage>
<ReportConfigData TimeStamp="Thu Sep 27 20:20:52 2018"><group name="REG_INIT">
<item name="CK" rev="2">
<attrib name="CK" value="864"/><attrib name="CK_INV" value="357"/></item>
<item name="FFINIT" rev="2">
<attrib name="INIT0" value="1203"/><attrib name="INIT1" value="18"/></item>
<item name="FFSR" rev="2">
<attrib name="SRLOW" value="1221"/></item>
<item name="LATCH_OR_FF" rev="2">
<attrib name="FF" value="868"/><attrib name="AND2L" value="353"/></item>
<item name="SYNC_ATTR" rev="2">
<attrib name="ASYNC" value="622"/><attrib name="SYNC" value="599"/></item>
</group>
<group name="DSP48E1">
<item name="ALUMODE0" rev="2">
<attrib name="ALUMODE0" value="217"/><attrib name="ALUMODE0_INV" value="1"/></item>
<item name="ALUMODE1" rev="2">
<attrib name="ALUMODE1" value="217"/><attrib name="ALUMODE1_INV" value="1"/></item>
<item name="ALUMODE2" rev="2">
<attrib name="ALUMODE2" value="218"/><attrib name="ALUMODE2_INV" value="0"/></item>
<item name="ALUMODE3" rev="2">
<attrib name="ALUMODE3" value="218"/><attrib name="ALUMODE3_INV" value="0"/></item>
<item name="CARRYIN" rev="2">
<attrib name="CARRYIN" value="218"/><attrib name="CARRYIN_INV" value="0"/></item>
<item name="CLK" rev="2">
<attrib name="CLK" value="218"/><attrib name="CLK_INV" value="0"/></item>
<item name="INMODE0" rev="2">
<attrib name="INMODE0" value="218"/><attrib name="INMODE0_INV" value="0"/></item>
<item name="INMODE1" rev="2">
<attrib name="INMODE1_INV" value="0"/><attrib name="INMODE1" value="218"/></item>
<item name="INMODE2" rev="2">
<attrib name="INMODE2_INV" value="0"/><attrib name="INMODE2" value="218"/></item>
<item name="INMODE3" rev="2">
<attrib name="INMODE3" value="218"/><attrib name="INMODE3_INV" value="0"/></item>
<item name="INMODE4" rev="2">
<attrib name="INMODE4" value="218"/><attrib name="INMODE4_INV" value="0"/></item>
<item name="OPMODE0" rev="2">
<attrib name="OPMODE0" value="218"/><attrib name="OPMODE0_INV" value="0"/></item>
<item name="OPMODE1" rev="2">
<attrib name="OPMODE1_INV" value="0"/><attrib name="OPMODE1" value="218"/></item>
<item name="OPMODE2" rev="2">
<attrib name="OPMODE2" value="218"/><attrib name="OPMODE2_INV" value="0"/></item>
<item name="OPMODE3" rev="2">
<attrib name="OPMODE3" value="218"/><attrib name="OPMODE3_INV" value="0"/></item>
<item name="OPMODE4" rev="2">
<attrib name="OPMODE4" value="218"/><attrib name="OPMODE4_INV" value="0"/></item>
<item name="OPMODE5" rev="2">
<attrib name="OPMODE5_INV" value="0"/><attrib name="OPMODE5" value="218"/></item>
<item name="OPMODE6" rev="2">
<attrib name="OPMODE6_INV" value="0"/><attrib name="OPMODE6" value="218"/></item>
</group>
<group name="SLICEL">
<item name="CLK" rev="2">
<attrib name="CLK" value="263"/><attrib name="CLK_INV" value="227"/></item>
</group>
<group name="IOB33_INBUF_EN">
<item name="IBUF_LOW_PWR" rev="2">
<attrib name="TRUE" value="9"/></item>
</group>
<group name="DSP48E1_DSP48E1">
<item name="ACASCREG" rev="2">
<attrib name="0" value="218"/></item>
<item name="ADREG" rev="2">
<attrib name="0" value="218"/></item>
<item name="ALUMODE0" rev="2">
<attrib name="ALUMODE0" value="217"/><attrib name="ALUMODE0_INV" value="1"/></item>
<item name="ALUMODE1" rev="2">
<attrib name="ALUMODE1" value="217"/><attrib name="ALUMODE1_INV" value="1"/></item>
<item name="ALUMODE2" rev="2">
<attrib name="ALUMODE2" value="218"/><attrib name="ALUMODE2_INV" value="0"/></item>
<item name="ALUMODE3" rev="2">
<attrib name="ALUMODE3" value="218"/><attrib name="ALUMODE3_INV" value="0"/></item>
<item name="ALUMODEREG" rev="2">
<attrib name="0" value="218"/></item>
<item name="AREG" rev="2">
<attrib name="0" value="218"/></item>
<item name="AUTORESET_PATDET" rev="2">
<attrib name="NO_RESET" value="218"/></item>
<item name="A_INPUT" rev="2">
<attrib name="CASCADE" value="70"/><attrib name="DIRECT" value="148"/></item>
<item name="BCASCREG" rev="2">
<attrib name="0" value="218"/></item>
<item name="BREG" rev="2">
<attrib name="0" value="218"/></item>
<item name="B_INPUT" rev="2">
<attrib name="DIRECT" value="218"/></item>
<item name="CARRYIN" rev="2">
<attrib name="CARRYIN" value="218"/><attrib name="CARRYIN_INV" value="0"/></item>
<item name="CARRYINREG" rev="2">
<attrib name="0" value="218"/></item>
<item name="CARRYINSELREG" rev="2">
<attrib name="0" value="218"/></item>
<item name="CLK" rev="2">
<attrib name="CLK" value="218"/><attrib name="CLK_INV" value="0"/></item>
<item name="CREG" rev="2">
<attrib name="0" value="218"/></item>
<item name="DREG" rev="2">
<attrib name="0" value="218"/></item>
<item name="INMODE0" rev="2">
<attrib name="INMODE0" value="218"/><attrib name="INMODE0_INV" value="0"/></item>
<item name="INMODE1" rev="2">
<attrib name="INMODE1_INV" value="0"/><attrib name="INMODE1" value="218"/></item>
<item name="INMODE2" rev="2">
<attrib name="INMODE2_INV" value="0"/><attrib name="INMODE2" value="218"/></item>
<item name="INMODE3" rev="2">
<attrib name="INMODE3" value="218"/><attrib name="INMODE3_INV" value="0"/></item>
<item name="INMODE4" rev="2">
<attrib name="INMODE4" value="218"/><attrib name="INMODE4_INV" value="0"/></item>
<item name="INMODEREG" rev="2">
<attrib name="0" value="218"/></item>
<item name="MREG" rev="2">
<attrib name="0" value="218"/></item>
<item name="OPMODE0" rev="2">
<attrib name="OPMODE0" value="218"/><attrib name="OPMODE0_INV" value="0"/></item>
<item name="OPMODE1" rev="2">
<attrib name="OPMODE1_INV" value="0"/><attrib name="OPMODE1" value="218"/></item>
<item name="OPMODE2" rev="2">
<attrib name="OPMODE2" value="218"/><attrib name="OPMODE2_INV" value="0"/></item>
<item name="OPMODE3" rev="2">
<attrib name="OPMODE3" value="218"/><attrib name="OPMODE3_INV" value="0"/></item>
<item name="OPMODE4" rev="2">
<attrib name="OPMODE4" value="218"/><attrib name="OPMODE4_INV" value="0"/></item>
<item name="OPMODE5" rev="2">
<attrib name="OPMODE5_INV" value="0"/><attrib name="OPMODE5" value="218"/></item>
<item name="OPMODE6" rev="2">
<attrib name="OPMODE6_INV" value="0"/><attrib name="OPMODE6" value="218"/></item>
<item name="OPMODEREG" rev="2">
<attrib name="0" value="218"/></item>
<item name="PREG" rev="2">
<attrib name="0" value="218"/></item>
<item name="SEL_MASK" rev="2">
<attrib name="MASK" value="218"/></item>
<item name="SEL_PATTERN" rev="2">
<attrib name="PATTERN" value="218"/></item>
<item name="USE_DPORT" rev="2">
<attrib name="FALSE" value="218"/></item>
<item name="USE_MULT" rev="2">
<attrib name="NONE" value="70"/><attrib name="MULTIPLY" value="148"/></item>
<item name="USE_PATTERN_DETECT" rev="2">
<attrib name="NO_PATDET" value="74"/><attrib name="PATDET" value="144"/></item>
<item name="USE_SIMD" rev="2">
<attrib name="ONE48" value="218"/></item>
</group>
<group name="OLOGICE2">
<item name="CLK" rev="2">
<attrib name="CLK" value="4"/><attrib name="CLK_INV" value="0"/></item>
<item name="D1" rev="2">
<attrib name="D1" value="4"/><attrib name="D1_INV" value="0"/></item>
</group>
<group name="ILOGICE2_IFF">
<item name="CK" rev="2">
<attrib name="CK" value="4"/><attrib name="CK_INV" value="0"/></item>
<item name="D" rev="2">
<attrib name="D" value="4"/><attrib name="D_INV" value="0"/></item>
<item name="IFFTYPE" rev="2">
<attrib name="FF" value="4"/></item>
<item name="INIT_Q1" rev="2">
<attrib name="0" value="4"/></item>
</group>
<group name="SELMUX2_1">
<item name="0" rev="2">
<attrib name="0" value="46"/><attrib name="0_INV" value="0"/></item>
</group>
<group name="OLOGICE2_OUTFF">
<item name="CK" rev="2">
<attrib name="CK" value="4"/><attrib name="CK_INV" value="0"/></item>
<item name="D1" rev="2">
<attrib name="D1" value="4"/><attrib name="D1_INV" value="0"/></item>
<item name="INIT_OQ" rev="2">
<attrib name="0" value="4"/></item>
<item name="OUTFFTYPE" rev="2">
<attrib name="FF" value="4"/></item>
</group>
<group name="ILOGICE2">
<item name="CLK" rev="2">
<attrib name="CLK" value="4"/><attrib name="CLK_INV" value="0"/></item>
<item name="D" rev="2">
<attrib name="D" value="4"/><attrib name="D_INV" value="0"/></item>
</group>
<group name="FF_INIT">
<item name="CK" rev="2">
<attrib name="CK" value="83"/><attrib name="CK_INV" value="0"/></item>
<item name="FFINIT" rev="2">
<attrib name="INIT0" value="83"/></item>
<item name="FFSR" rev="2">
<attrib name="SRLOW" value="83"/></item>
<item name="SYNC_ATTR" rev="2">
<attrib name="ASYNC" value="43"/><attrib name="SYNC" value="40"/></item>
</group>
</ReportConfigData>
<ReportPinData TimeStamp="Thu Sep 27 20:20:52 2018"><group name="IOB33_OUTBUF">
<item name="IN" rev="2">
<attrib name="value" value="14"/></item>
<item name="OUT" rev="2">
<attrib name="value" value="14"/></item>
</group>
<group name="REG_INIT">
<item name="CE" rev="2">
<attrib name="value" value="1081"/></item>
<item name="CK" rev="2">
<attrib name="value" value="1221"/></item>
<item name="D" rev="2">
<attrib name="value" value="1221"/></item>
<item name="Q" rev="2">
<attrib name="value" value="1221"/></item>
<item name="SR" rev="2">
<attrib name="value" value="402"/></item>
</group>
<group name="DSP48E1">
<item name="A0" rev="2">
<attrib name="value" value="218"/></item>
<item name="A1" rev="2">
<attrib name="value" value="218"/></item>
<item name="A10" rev="2">
<attrib name="value" value="218"/></item>
<item name="A11" rev="2">
<attrib name="value" value="218"/></item>
<item name="A12" rev="2">
<attrib name="value" value="218"/></item>
<item name="A13" rev="2">
<attrib name="value" value="218"/></item>
<item name="A14" rev="2">
<attrib name="value" value="218"/></item>
<item name="A15" rev="2">
<attrib name="value" value="218"/></item>
<item name="A16" rev="2">
<attrib name="value" value="218"/></item>
<item name="A17" rev="2">
<attrib name="value" value="218"/></item>
<item name="A18" rev="2">
<attrib name="value" value="218"/></item>
<item name="A19" rev="2">
<attrib name="value" value="218"/></item>
<item name="A2" rev="2">
<attrib name="value" value="218"/></item>
<item name="A20" rev="2">
<attrib name="value" value="218"/></item>
<item name="A21" rev="2">
<attrib name="value" value="218"/></item>
<item name="A22" rev="2">
<attrib name="value" value="218"/></item>
<item name="A23" rev="2">
<attrib name="value" value="218"/></item>
<item name="A24" rev="2">
<attrib name="value" value="218"/></item>
<item name="A25" rev="2">
<attrib name="value" value="218"/></item>
<item name="A26" rev="2">
<attrib name="value" value="218"/></item>
<item name="A27" rev="2">
<attrib name="value" value="218"/></item>
<item name="A28" rev="2">
<attrib name="value" value="218"/></item>
<item name="A29" rev="2">
<attrib name="value" value="218"/></item>
<item name="A3" rev="2">
<attrib name="value" value="218"/></item>
<item name="A4" rev="2">
<attrib name="value" value="218"/></item>
<item name="A5" rev="2">
<attrib name="value" value="218"/></item>
<item name="A6" rev="2">
<attrib name="value" value="218"/></item>
<item name="A7" rev="2">
<attrib name="value" value="218"/></item>
<item name="A8" rev="2">
<attrib name="value" value="218"/></item>
<item name="A9" rev="2">
<attrib name="value" value="218"/></item>
<item name="ACIN0" rev="2">
<attrib name="value" value="70"/></item>
<item name="ACIN1" rev="2">
<attrib name="value" value="70"/></item>
<item name="ACIN10" rev="2">
<attrib name="value" value="70"/></item>
<item name="ACIN11" rev="2">
<attrib name="value" value="70"/></item>
<item name="ACIN12" rev="2">
<attrib name="value" value="70"/></item>
<item name="ACIN13" rev="2">
<attrib name="value" value="70"/></item>
<item name="ACIN14" rev="2">
<attrib name="value" value="70"/></item>
<item name="ACIN15" rev="2">
<attrib name="value" value="70"/></item>
<item name="ACIN16" rev="2">
<attrib name="value" value="70"/></item>
<item name="ACIN17" rev="2">
<attrib name="value" value="70"/></item>
<item name="ACIN18" rev="2">
<attrib name="value" value="70"/></item>
<item name="ACIN19" rev="2">
<attrib name="value" value="70"/></item>
<item name="ACIN2" rev="2">
<attrib name="value" value="70"/></item>
<item name="ACIN20" rev="2">
<attrib name="value" value="70"/></item>
<item name="ACIN21" rev="2">
<attrib name="value" value="70"/></item>
<item name="ACIN22" rev="2">
<attrib name="value" value="70"/></item>
<item name="ACIN23" rev="2">
<attrib name="value" value="70"/></item>
<item name="ACIN24" rev="2">
<attrib name="value" value="70"/></item>
<item name="ACIN25" rev="2">
<attrib name="value" value="70"/></item>
<item name="ACIN26" rev="2">
<attrib name="value" value="70"/></item>
<item name="ACIN27" rev="2">
<attrib name="value" value="70"/></item>
<item name="ACIN28" rev="2">
<attrib name="value" value="70"/></item>
<item name="ACIN29" rev="2">
<attrib name="value" value="70"/></item>
<item name="ACIN3" rev="2">
<attrib name="value" value="70"/></item>
<item name="ACIN4" rev="2">
<attrib name="value" value="70"/></item>
<item name="ACIN5" rev="2">
<attrib name="value" value="70"/></item>
<item name="ACIN6" rev="2">
<attrib name="value" value="70"/></item>
<item name="ACIN7" rev="2">
<attrib name="value" value="70"/></item>
<item name="ACIN8" rev="2">
<attrib name="value" value="70"/></item>
<item name="ACIN9" rev="2">
<attrib name="value" value="70"/></item>
<item name="ACOUT0" rev="2">
<attrib name="value" value="70"/></item>
<item name="ACOUT1" rev="2">
<attrib name="value" value="70"/></item>
<item name="ACOUT10" rev="2">
<attrib name="value" value="70"/></item>
<item name="ACOUT11" rev="2">
<attrib name="value" value="70"/></item>
<item name="ACOUT12" rev="2">
<attrib name="value" value="70"/></item>
<item name="ACOUT13" rev="2">
<attrib name="value" value="70"/></item>
<item name="ACOUT14" rev="2">
<attrib name="value" value="70"/></item>
<item name="ACOUT15" rev="2">
<attrib name="value" value="70"/></item>
<item name="ACOUT16" rev="2">
<attrib name="value" value="70"/></item>
<item name="ACOUT17" rev="2">
<attrib name="value" value="70"/></item>
<item name="ACOUT18" rev="2">
<attrib name="value" value="70"/></item>
<item name="ACOUT19" rev="2">
<attrib name="value" value="70"/></item>
<item name="ACOUT2" rev="2">
<attrib name="value" value="70"/></item>
<item name="ACOUT20" rev="2">
<attrib name="value" value="70"/></item>
<item name="ACOUT21" rev="2">
<attrib name="value" value="70"/></item>
<item name="ACOUT22" rev="2">
<attrib name="value" value="70"/></item>
<item name="ACOUT23" rev="2">
<attrib name="value" value="70"/></item>
<item name="ACOUT24" rev="2">
<attrib name="value" value="70"/></item>
<item name="ACOUT25" rev="2">
<attrib name="value" value="70"/></item>
<item name="ACOUT26" rev="2">
<attrib name="value" value="70"/></item>
<item name="ACOUT27" rev="2">
<attrib name="value" value="70"/></item>
<item name="ACOUT28" rev="2">
<attrib name="value" value="70"/></item>
<item name="ACOUT29" rev="2">
<attrib name="value" value="70"/></item>
<item name="ACOUT3" rev="2">
<attrib name="value" value="70"/></item>
<item name="ACOUT4" rev="2">
<attrib name="value" value="70"/></item>
<item name="ACOUT5" rev="2">
<attrib name="value" value="70"/></item>
<item name="ACOUT6" rev="2">
<attrib name="value" value="70"/></item>
<item name="ACOUT7" rev="2">
<attrib name="value" value="70"/></item>
<item name="ACOUT8" rev="2">
<attrib name="value" value="70"/></item>
<item name="ACOUT9" rev="2">
<attrib name="value" value="70"/></item>
<item name="ALUMODE0" rev="2">
<attrib name="value" value="218"/></item>
<item name="ALUMODE1" rev="2">
<attrib name="value" value="218"/></item>
<item name="ALUMODE2" rev="2">
<attrib name="value" value="218"/></item>
<item name="ALUMODE3" rev="2">
<attrib name="value" value="218"/></item>
<item name="B0" rev="2">
<attrib name="value" value="218"/></item>
<item name="B1" rev="2">
<attrib name="value" value="218"/></item>
<item name="B10" rev="2">
<attrib name="value" value="218"/></item>
<item name="B11" rev="2">
<attrib name="value" value="218"/></item>
<item name="B12" rev="2">
<attrib name="value" value="218"/></item>
<item name="B13" rev="2">
<attrib name="value" value="218"/></item>
<item name="B14" rev="2">
<attrib name="value" value="218"/></item>
<item name="B15" rev="2">
<attrib name="value" value="218"/></item>
<item name="B16" rev="2">
<attrib name="value" value="218"/></item>
<item name="B17" rev="2">
<attrib name="value" value="218"/></item>
<item name="B2" rev="2">
<attrib name="value" value="218"/></item>
<item name="B3" rev="2">
<attrib name="value" value="218"/></item>
<item name="B4" rev="2">
<attrib name="value" value="218"/></item>
<item name="B5" rev="2">
<attrib name="value" value="218"/></item>
<item name="B6" rev="2">
<attrib name="value" value="218"/></item>
<item name="B7" rev="2">
<attrib name="value" value="218"/></item>
<item name="B8" rev="2">
<attrib name="value" value="218"/></item>
<item name="B9" rev="2">
<attrib name="value" value="218"/></item>
<item name="C0" rev="2">
<attrib name="value" value="218"/></item>
<item name="C1" rev="2">
<attrib name="value" value="218"/></item>
<item name="C10" rev="2">
<attrib name="value" value="218"/></item>
<item name="C11" rev="2">
<attrib name="value" value="218"/></item>
<item name="C12" rev="2">
<attrib name="value" value="218"/></item>
<item name="C13" rev="2">
<attrib name="value" value="218"/></item>
<item name="C14" rev="2">
<attrib name="value" value="218"/></item>
<item name="C15" rev="2">
<attrib name="value" value="218"/></item>
<item name="C16" rev="2">
<attrib name="value" value="218"/></item>
<item name="C17" rev="2">
<attrib name="value" value="218"/></item>
<item name="C18" rev="2">
<attrib name="value" value="218"/></item>
<item name="C19" rev="2">
<attrib name="value" value="218"/></item>
<item name="C2" rev="2">
<attrib name="value" value="218"/></item>
<item name="C20" rev="2">
<attrib name="value" value="218"/></item>
<item name="C21" rev="2">
<attrib name="value" value="218"/></item>
<item name="C22" rev="2">
<attrib name="value" value="218"/></item>
<item name="C23" rev="2">
<attrib name="value" value="218"/></item>
<item name="C24" rev="2">
<attrib name="value" value="218"/></item>
<item name="C25" rev="2">
<attrib name="value" value="218"/></item>
<item name="C26" rev="2">
<attrib name="value" value="218"/></item>
<item name="C27" rev="2">
<attrib name="value" value="218"/></item>
<item name="C28" rev="2">
<attrib name="value" value="218"/></item>
<item name="C29" rev="2">
<attrib name="value" value="218"/></item>
<item name="C3" rev="2">
<attrib name="value" value="218"/></item>
<item name="C30" rev="2">
<attrib name="value" value="218"/></item>
<item name="C31" rev="2">
<attrib name="value" value="218"/></item>
<item name="C32" rev="2">
<attrib name="value" value="218"/></item>
<item name="C33" rev="2">
<attrib name="value" value="218"/></item>
<item name="C34" rev="2">
<attrib name="value" value="218"/></item>
<item name="C35" rev="2">
<attrib name="value" value="218"/></item>
<item name="C36" rev="2">
<attrib name="value" value="218"/></item>
<item name="C37" rev="2">
<attrib name="value" value="218"/></item>
<item name="C38" rev="2">
<attrib name="value" value="218"/></item>
<item name="C39" rev="2">
<attrib name="value" value="218"/></item>
<item name="C4" rev="2">
<attrib name="value" value="218"/></item>
<item name="C40" rev="2">
<attrib name="value" value="218"/></item>
<item name="C41" rev="2">
<attrib name="value" value="218"/></item>
<item name="C42" rev="2">
<attrib name="value" value="218"/></item>
<item name="C43" rev="2">
<attrib name="value" value="218"/></item>
<item name="C44" rev="2">
<attrib name="value" value="218"/></item>
<item name="C45" rev="2">
<attrib name="value" value="218"/></item>
<item name="C46" rev="2">
<attrib name="value" value="218"/></item>
<item name="C47" rev="2">
<attrib name="value" value="218"/></item>
<item name="C5" rev="2">
<attrib name="value" value="218"/></item>
<item name="C6" rev="2">
<attrib name="value" value="218"/></item>
<item name="C7" rev="2">
<attrib name="value" value="218"/></item>
<item name="C8" rev="2">
<attrib name="value" value="218"/></item>
<item name="C9" rev="2">
<attrib name="value" value="218"/></item>
<item name="CARRYIN" rev="2">
<attrib name="value" value="218"/></item>
<item name="CARRYINSEL0" rev="2">
<attrib name="value" value="218"/></item>
<item name="CARRYINSEL1" rev="2">
<attrib name="value" value="218"/></item>
<item name="CARRYINSEL2" rev="2">
<attrib name="value" value="218"/></item>
<item name="CARRYOUT3" rev="2">
<attrib name="value" value="70"/></item>
<item name="CEA1" rev="2">
<attrib name="value" value="218"/></item>
<item name="CEA2" rev="2">
<attrib name="value" value="218"/></item>
<item name="CEAD" rev="2">
<attrib name="value" value="218"/></item>
<item name="CEALUMODE" rev="2">
<attrib name="value" value="218"/></item>
<item name="CEB1" rev="2">
<attrib name="value" value="218"/></item>
<item name="CEB2" rev="2">
<attrib name="value" value="218"/></item>
<item name="CEC" rev="2">
<attrib name="value" value="218"/></item>
<item name="CECARRYIN" rev="2">
<attrib name="value" value="218"/></item>
<item name="CECTRL" rev="2">
<attrib name="value" value="218"/></item>
<item name="CED" rev="2">
<attrib name="value" value="218"/></item>
<item name="CEINMODE" rev="2">
<attrib name="value" value="218"/></item>
<item name="CEM" rev="2">
<attrib name="value" value="218"/></item>
<item name="CEP" rev="2">
<attrib name="value" value="218"/></item>
<item name="CLK" rev="2">
<attrib name="value" value="218"/></item>
<item name="D0" rev="2">
<attrib name="value" value="218"/></item>
<item name="D1" rev="2">
<attrib name="value" value="218"/></item>
<item name="D10" rev="2">
<attrib name="value" value="218"/></item>
<item name="D11" rev="2">
<attrib name="value" value="218"/></item>
<item name="D12" rev="2">
<attrib name="value" value="218"/></item>
<item name="D13" rev="2">
<attrib name="value" value="218"/></item>
<item name="D14" rev="2">
<attrib name="value" value="218"/></item>
<item name="D15" rev="2">
<attrib name="value" value="218"/></item>
<item name="D16" rev="2">
<attrib name="value" value="218"/></item>
<item name="D17" rev="2">
<attrib name="value" value="218"/></item>
<item name="D18" rev="2">
<attrib name="value" value="218"/></item>
<item name="D19" rev="2">
<attrib name="value" value="218"/></item>
<item name="D2" rev="2">
<attrib name="value" value="218"/></item>
<item name="D20" rev="2">
<attrib name="value" value="218"/></item>
<item name="D21" rev="2">
<attrib name="value" value="218"/></item>
<item name="D22" rev="2">
<attrib name="value" value="218"/></item>
<item name="D23" rev="2">
<attrib name="value" value="218"/></item>
<item name="D24" rev="2">
<attrib name="value" value="218"/></item>
<item name="D3" rev="2">
<attrib name="value" value="218"/></item>
<item name="D4" rev="2">
<attrib name="value" value="218"/></item>
<item name="D5" rev="2">
<attrib name="value" value="218"/></item>
<item name="D6" rev="2">
<attrib name="value" value="218"/></item>
<item name="D7" rev="2">
<attrib name="value" value="218"/></item>
<item name="D8" rev="2">
<attrib name="value" value="218"/></item>
<item name="D9" rev="2">
<attrib name="value" value="218"/></item>
<item name="INMODE0" rev="2">
<attrib name="value" value="218"/></item>
<item name="INMODE1" rev="2">
<attrib name="value" value="218"/></item>
<item name="INMODE2" rev="2">
<attrib name="value" value="218"/></item>
<item name="INMODE3" rev="2">
<attrib name="value" value="218"/></item>
<item name="INMODE4" rev="2">
<attrib name="value" value="218"/></item>
<item name="OPMODE0" rev="2">
<attrib name="value" value="218"/></item>
<item name="OPMODE1" rev="2">
<attrib name="value" value="218"/></item>
<item name="OPMODE2" rev="2">
<attrib name="value" value="218"/></item>
<item name="OPMODE3" rev="2">
<attrib name="value" value="218"/></item>
<item name="OPMODE4" rev="2">
<attrib name="value" value="218"/></item>
<item name="OPMODE5" rev="2">
<attrib name="value" value="218"/></item>
<item name="OPMODE6" rev="2">
<attrib name="value" value="218"/></item>
<item name="P0" rev="2">
<attrib name="value" value="4"/></item>
<item name="P1" rev="2">
<attrib name="value" value="4"/></item>
<item name="P10" rev="2">
<attrib name="value" value="148"/></item>
<item name="P11" rev="2">
<attrib name="value" value="148"/></item>
<item name="P12" rev="2">
<attrib name="value" value="148"/></item>
<item name="P13" rev="2">
<attrib name="value" value="148"/></item>
<item name="P14" rev="2">
<attrib name="value" value="148"/></item>
<item name="P15" rev="2">
<attrib name="value" value="148"/></item>
<item name="P16" rev="2">
<attrib name="value" value="148"/></item>
<item name="P17" rev="2">
<attrib name="value" value="148"/></item>
<item name="P18" rev="2">
<attrib name="value" value="148"/></item>
<item name="P19" rev="2">
<attrib name="value" value="148"/></item>
<item name="P2" rev="2">
<attrib name="value" value="8"/></item>
<item name="P20" rev="2">
<attrib name="value" value="148"/></item>
<item name="P21" rev="2">
<attrib name="value" value="148"/></item>
<item name="P22" rev="2">
<attrib name="value" value="148"/></item>
<item name="P23" rev="2">
<attrib name="value" value="148"/></item>
<item name="P24" rev="2">
<attrib name="value" value="148"/></item>
<item name="P25" rev="2">
<attrib name="value" value="144"/></item>
<item name="P26" rev="2">
<attrib name="value" value="144"/></item>
<item name="P27" rev="2">
<attrib name="value" value="148"/></item>
<item name="P28" rev="2">
<attrib name="value" value="148"/></item>
<item name="P29" rev="2">
<attrib name="value" value="148"/></item>
<item name="P3" rev="2">
<attrib name="value" value="8"/></item>
<item name="P30" rev="2">
<attrib name="value" value="148"/></item>
<item name="P31" rev="2">
<attrib name="value" value="8"/></item>
<item name="P32" rev="2">
<attrib name="value" value="78"/></item>
<item name="P33" rev="2">
<attrib name="value" value="78"/></item>
<item name="P34" rev="2">
<attrib name="value" value="78"/></item>
<item name="P35" rev="2">
<attrib name="value" value="74"/></item>
<item name="P36" rev="2">
<attrib name="value" value="74"/></item>
<item name="P37" rev="2">
<attrib name="value" value="74"/></item>
<item name="P38" rev="2">
<attrib name="value" value="74"/></item>
<item name="P39" rev="2">
<attrib name="value" value="74"/></item>
<item name="P4" rev="2">
<attrib name="value" value="8"/></item>
<item name="P41" rev="2">
<attrib name="value" value="70"/></item>
<item name="P42" rev="2">
<attrib name="value" value="70"/></item>
<item name="P43" rev="2">
<attrib name="value" value="70"/></item>
<item name="P44" rev="2">
<attrib name="value" value="70"/></item>
<item name="P45" rev="2">
<attrib name="value" value="70"/></item>
<item name="P46" rev="2">
<attrib name="value" value="70"/></item>
<item name="P47" rev="2">
<attrib name="value" value="70"/></item>
<item name="P5" rev="2">
<attrib name="value" value="78"/></item>
<item name="P6" rev="2">
<attrib name="value" value="78"/></item>
<item name="P7" rev="2">
<attrib name="value" value="148"/></item>
<item name="P8" rev="2">
<attrib name="value" value="148"/></item>
<item name="P9" rev="2">
<attrib name="value" value="148"/></item>
<item name="PATTERNDETECT" rev="2">
<attrib name="value" value="144"/></item>
<item name="PCIN0" rev="2">
<attrib name="value" value="140"/></item>
<item name="PCIN1" rev="2">
<attrib name="value" value="140"/></item>
<item name="PCIN10" rev="2">
<attrib name="value" value="140"/></item>
<item name="PCIN11" rev="2">
<attrib name="value" value="140"/></item>
<item name="PCIN12" rev="2">
<attrib name="value" value="140"/></item>
<item name="PCIN13" rev="2">
<attrib name="value" value="140"/></item>
<item name="PCIN14" rev="2">
<attrib name="value" value="140"/></item>
<item name="PCIN15" rev="2">
<attrib name="value" value="140"/></item>
<item name="PCIN16" rev="2">
<attrib name="value" value="140"/></item>
<item name="PCIN17" rev="2">
<attrib name="value" value="140"/></item>
<item name="PCIN18" rev="2">
<attrib name="value" value="140"/></item>
<item name="PCIN19" rev="2">
<attrib name="value" value="140"/></item>
<item name="PCIN2" rev="2">
<attrib name="value" value="140"/></item>
<item name="PCIN20" rev="2">
<attrib name="value" value="140"/></item>
<item name="PCIN21" rev="2">
<attrib name="value" value="140"/></item>
<item name="PCIN22" rev="2">
<attrib name="value" value="140"/></item>
<item name="PCIN23" rev="2">
<attrib name="value" value="140"/></item>
<item name="PCIN24" rev="2">
<attrib name="value" value="140"/></item>
<item name="PCIN25" rev="2">
<attrib name="value" value="140"/></item>
<item name="PCIN26" rev="2">
<attrib name="value" value="140"/></item>
<item name="PCIN27" rev="2">
<attrib name="value" value="140"/></item>
<item name="PCIN28" rev="2">
<attrib name="value" value="140"/></item>
<item name="PCIN29" rev="2">
<attrib name="value" value="140"/></item>
<item name="PCIN3" rev="2">
<attrib name="value" value="140"/></item>
<item name="PCIN30" rev="2">
<attrib name="value" value="140"/></item>
<item name="PCIN31" rev="2">
<attrib name="value" value="140"/></item>
<item name="PCIN32" rev="2">
<attrib name="value" value="140"/></item>
<item name="PCIN33" rev="2">
<attrib name="value" value="140"/></item>
<item name="PCIN34" rev="2">
<attrib name="value" value="140"/></item>
<item name="PCIN35" rev="2">
<attrib name="value" value="140"/></item>
<item name="PCIN36" rev="2">
<attrib name="value" value="140"/></item>
<item name="PCIN37" rev="2">
<attrib name="value" value="140"/></item>
<item name="PCIN38" rev="2">
<attrib name="value" value="140"/></item>
<item name="PCIN39" rev="2">
<attrib name="value" value="140"/></item>
<item name="PCIN4" rev="2">
<attrib name="value" value="140"/></item>
<item name="PCIN40" rev="2">
<attrib name="value" value="140"/></item>
<item name="PCIN41" rev="2">
<attrib name="value" value="140"/></item>
<item name="PCIN42" rev="2">
<attrib name="value" value="140"/></item>
<item name="PCIN43" rev="2">
<attrib name="value" value="140"/></item>
<item name="PCIN44" rev="2">
<attrib name="value" value="140"/></item>
<item name="PCIN45" rev="2">
<attrib name="value" value="140"/></item>
<item name="PCIN46" rev="2">
<attrib name="value" value="140"/></item>
<item name="PCIN47" rev="2">
<attrib name="value" value="140"/></item>
<item name="PCIN5" rev="2">
<attrib name="value" value="140"/></item>
<item name="PCIN6" rev="2">
<attrib name="value" value="140"/></item>
<item name="PCIN7" rev="2">
<attrib name="value" value="140"/></item>
<item name="PCIN8" rev="2">
<attrib name="value" value="140"/></item>
<item name="PCIN9" rev="2">
<attrib name="value" value="140"/></item>
<item name="PCOUT0" rev="2">
<attrib name="value" value="140"/></item>
<item name="PCOUT1" rev="2">
<attrib name="value" value="140"/></item>
<item name="PCOUT10" rev="2">
<attrib name="value" value="140"/></item>
<item name="PCOUT11" rev="2">
<attrib name="value" value="140"/></item>
<item name="PCOUT12" rev="2">
<attrib name="value" value="140"/></item>
<item name="PCOUT13" rev="2">
<attrib name="value" value="140"/></item>
<item name="PCOUT14" rev="2">
<attrib name="value" value="140"/></item>
<item name="PCOUT15" rev="2">
<attrib name="value" value="140"/></item>
<item name="PCOUT16" rev="2">
<attrib name="value" value="140"/></item>
<item name="PCOUT17" rev="2">
<attrib name="value" value="140"/></item>
<item name="PCOUT18" rev="2">
<attrib name="value" value="140"/></item>
<item name="PCOUT19" rev="2">
<attrib name="value" value="140"/></item>
<item name="PCOUT2" rev="2">
<attrib name="value" value="140"/></item>
<item name="PCOUT20" rev="2">
<attrib name="value" value="140"/></item>
<item name="PCOUT21" rev="2">
<attrib name="value" value="140"/></item>
<item name="PCOUT22" rev="2">
<attrib name="value" value="140"/></item>
<item name="PCOUT23" rev="2">
<attrib name="value" value="140"/></item>
<item name="PCOUT24" rev="2">
<attrib name="value" value="140"/></item>
<item name="PCOUT25" rev="2">
<attrib name="value" value="140"/></item>
<item name="PCOUT26" rev="2">
<attrib name="value" value="140"/></item>
<item name="PCOUT27" rev="2">
<attrib name="value" value="140"/></item>
<item name="PCOUT28" rev="2">
<attrib name="value" value="140"/></item>
<item name="PCOUT29" rev="2">
<attrib name="value" value="140"/></item>
<item name="PCOUT3" rev="2">
<attrib name="value" value="140"/></item>
<item name="PCOUT30" rev="2">
<attrib name="value" value="140"/></item>
<item name="PCOUT31" rev="2">
<attrib name="value" value="140"/></item>
<item name="PCOUT32" rev="2">
<attrib name="value" value="140"/></item>
<item name="PCOUT33" rev="2">
<attrib name="value" value="140"/></item>
<item name="PCOUT34" rev="2">
<attrib name="value" value="140"/></item>
<item name="PCOUT35" rev="2">
<attrib name="value" value="140"/></item>
<item name="PCOUT36" rev="2">
<attrib name="value" value="140"/></item>
<item name="PCOUT37" rev="2">
<attrib name="value" value="140"/></item>
<item name="PCOUT38" rev="2">
<attrib name="value" value="140"/></item>
<item name="PCOUT39" rev="2">
<attrib name="value" value="140"/></item>
<item name="PCOUT4" rev="2">
<attrib name="value" value="140"/></item>
<item name="PCOUT40" rev="2">
<attrib name="value" value="140"/></item>
<item name="PCOUT41" rev="2">
<attrib name="value" value="140"/></item>
<item name="PCOUT42" rev="2">
<attrib name="value" value="140"/></item>
<item name="PCOUT43" rev="2">
<attrib name="value" value="140"/></item>
<item name="PCOUT44" rev="2">
<attrib name="value" value="140"/></item>
<item name="PCOUT45" rev="2">
<attrib name="value" value="140"/></item>
<item name="PCOUT46" rev="2">
<attrib name="value" value="140"/></item>
<item name="PCOUT47" rev="2">
<attrib name="value" value="140"/></item>
<item name="PCOUT5" rev="2">
<attrib name="value" value="140"/></item>
<item name="PCOUT6" rev="2">
<attrib name="value" value="140"/></item>
<item name="PCOUT7" rev="2">
<attrib name="value" value="140"/></item>
<item name="PCOUT8" rev="2">
<attrib name="value" value="140"/></item>
<item name="PCOUT9" rev="2">
<attrib name="value" value="140"/></item>
<item name="RSTA" rev="2">
<attrib name="value" value="218"/></item>
<item name="RSTALLCARRYIN" rev="2">
<attrib name="value" value="218"/></item>
<item name="RSTALUMODE" rev="2">
<attrib name="value" value="218"/></item>
<item name="RSTB" rev="2">
<attrib name="value" value="218"/></item>
<item name="RSTC" rev="2">
<attrib name="value" value="218"/></item>
<item name="RSTCTRL" rev="2">
<attrib name="value" value="218"/></item>
<item name="RSTD" rev="2">
<attrib name="value" value="218"/></item>
<item name="RSTINMODE" rev="2">
<attrib name="value" value="218"/></item>
<item name="RSTM" rev="2">
<attrib name="value" value="218"/></item>
<item name="RSTP" rev="2">
<attrib name="value" value="218"/></item>
</group>
<group name="SLICEL">
<item name="A" rev="2">
<attrib name="value" value="3990"/></item>
<item name="A1" rev="2">
<attrib name="value" value="2642"/></item>
<item name="A2" rev="2">
<attrib name="value" value="4179"/></item>
<item name="A3" rev="2">
<attrib name="value" value="4817"/></item>
<item name="A4" rev="2">
<attrib name="value" value="5188"/></item>
<item name="A5" rev="2">
<attrib name="value" value="6394"/></item>
<item name="A6" rev="2">
<attrib name="value" value="6965"/></item>
<item name="AMUX" rev="2">
<attrib name="value" value="3419"/></item>
<item name="AQ" rev="2">
<attrib name="value" value="273"/></item>
<item name="AX" rev="2">
<attrib name="value" value="1545"/></item>
<item name="B" rev="2">
<attrib name="value" value="3300"/></item>
<item name="B1" rev="2">
<attrib name="value" value="2304"/></item>
<item name="B2" rev="2">
<attrib name="value" value="3565"/></item>
<item name="B3" rev="2">
<attrib name="value" value="4219"/></item>
<item name="B4" rev="2">
<attrib name="value" value="4615"/></item>
<item name="B5" rev="2">
<attrib name="value" value="5675"/></item>
<item name="B6" rev="2">
<attrib name="value" value="6349"/></item>
<item name="BMUX" rev="2">
<attrib name="value" value="3375"/></item>
<item name="BQ" rev="2">
<attrib name="value" value="312"/></item>
<item name="BX" rev="2">
<attrib name="value" value="1453"/></item>
<item name="C" rev="2">
<attrib name="value" value="2605"/></item>
<item name="C1" rev="2">
<attrib name="value" value="1885"/></item>
<item name="C2" rev="2">
<attrib name="value" value="3035"/></item>
<item name="C3" rev="2">
<attrib name="value" value="3555"/></item>
<item name="C4" rev="2">
<attrib name="value" value="3923"/></item>
<item name="C5" rev="2">
<attrib name="value" value="4871"/></item>
<item name="C6" rev="2">
<attrib name="value" value="5483"/></item>
<item name="CE" rev="2">
<attrib name="value" value="221"/></item>
<item name="CIN" rev="2">
<attrib name="value" value="2519"/></item>
<item name="CLK" rev="2">
<attrib name="value" value="490"/></item>
<item name="CMUX" rev="2">
<attrib name="value" value="3482"/></item>
<item name="COUT" rev="2">
<attrib name="value" value="2519"/></item>
<item name="CQ" rev="2">
<attrib name="value" value="268"/></item>
<item name="CX" rev="2">
<attrib name="value" value="1502"/></item>
<item name="D" rev="2">
<attrib name="value" value="2528"/></item>
<item name="D1" rev="2">
<attrib name="value" value="1726"/></item>
<item name="D2" rev="2">
<attrib name="value" value="2811"/></item>
<item name="D3" rev="2">
<attrib name="value" value="3382"/></item>
<item name="D4" rev="2">
<attrib name="value" value="3810"/></item>
<item name="D5" rev="2">
<attrib name="value" value="4804"/></item>
<item name="D6" rev="2">
<attrib name="value" value="5342"/></item>
<item name="DMUX" rev="2">
<attrib name="value" value="3417"/></item>
<item name="DQ" rev="2">
<attrib name="value" value="368"/></item>
<item name="DX" rev="2">
<attrib name="value" value="1283"/></item>
<item name="SR" rev="2">
<attrib name="value" value="14"/></item>
</group>
<group name="BUFG_BUFG">
<item name="I0" rev="2">
<attrib name="value" value="3"/></item>
<item name="O" rev="2">
<attrib name="value" value="3"/></item>
</group>
<group name="PAD">
<item name="PAD" rev="2">
<attrib name="value" value="23"/></item>
</group>
<group name="IOB33_INBUF_EN">
<item name="OUT" rev="2">
<attrib name="value" value="9"/></item>
<item name="PAD" rev="2">
<attrib name="value" value="9"/></item>
</group>
<group name="DSP48E1_DSP48E1">
<item name="A0" rev="2">
<attrib name="value" value="218"/></item>
<item name="A1" rev="2">
<attrib name="value" value="218"/></item>
<item name="A10" rev="2">
<attrib name="value" value="218"/></item>
<item name="A11" rev="2">
<attrib name="value" value="218"/></item>
<item name="A12" rev="2">
<attrib name="value" value="218"/></item>
<item name="A13" rev="2">
<attrib name="value" value="218"/></item>
<item name="A14" rev="2">
<attrib name="value" value="218"/></item>
<item name="A15" rev="2">
<attrib name="value" value="218"/></item>
<item name="A16" rev="2">
<attrib name="value" value="218"/></item>
<item name="A17" rev="2">
<attrib name="value" value="218"/></item>
<item name="A18" rev="2">
<attrib name="value" value="218"/></item>
<item name="A19" rev="2">
<attrib name="value" value="218"/></item>
<item name="A2" rev="2">
<attrib name="value" value="218"/></item>
<item name="A20" rev="2">
<attrib name="value" value="218"/></item>
<item name="A21" rev="2">
<attrib name="value" value="218"/></item>
<item name="A22" rev="2">
<attrib name="value" value="218"/></item>
<item name="A23" rev="2">
<attrib name="value" value="218"/></item>
<item name="A24" rev="2">
<attrib name="value" value="218"/></item>
<item name="A25" rev="2">
<attrib name="value" value="218"/></item>
<item name="A26" rev="2">
<attrib name="value" value="218"/></item>
<item name="A27" rev="2">
<attrib name="value" value="218"/></item>
<item name="A28" rev="2">
<attrib name="value" value="218"/></item>
<item name="A29" rev="2">
<attrib name="value" value="218"/></item>
<item name="A3" rev="2">
<attrib name="value" value="218"/></item>
<item name="A4" rev="2">
<attrib name="value" value="218"/></item>
<item name="A5" rev="2">
<attrib name="value" value="218"/></item>
<item name="A6" rev="2">
<attrib name="value" value="218"/></item>
<item name="A7" rev="2">
<attrib name="value" value="218"/></item>
<item name="A8" rev="2">
<attrib name="value" value="218"/></item>
<item name="A9" rev="2">
<attrib name="value" value="218"/></item>
<item name="ACIN0" rev="2">
<attrib name="value" value="70"/></item>
<item name="ACIN1" rev="2">
<attrib name="value" value="70"/></item>
<item name="ACIN10" rev="2">
<attrib name="value" value="70"/></item>
<item name="ACIN11" rev="2">
<attrib name="value" value="70"/></item>
<item name="ACIN12" rev="2">
<attrib name="value" value="70"/></item>
<item name="ACIN13" rev="2">
<attrib name="value" value="70"/></item>
<item name="ACIN14" rev="2">
<attrib name="value" value="70"/></item>
<item name="ACIN15" rev="2">
<attrib name="value" value="70"/></item>
<item name="ACIN16" rev="2">
<attrib name="value" value="70"/></item>
<item name="ACIN17" rev="2">
<attrib name="value" value="70"/></item>
<item name="ACIN18" rev="2">
<attrib name="value" value="70"/></item>
<item name="ACIN19" rev="2">
<attrib name="value" value="70"/></item>
<item name="ACIN2" rev="2">
<attrib name="value" value="70"/></item>
<item name="ACIN20" rev="2">
<attrib name="value" value="70"/></item>
<item name="ACIN21" rev="2">
<attrib name="value" value="70"/></item>
<item name="ACIN22" rev="2">
<attrib name="value" value="70"/></item>
<item name="ACIN23" rev="2">
<attrib name="value" value="70"/></item>
<item name="ACIN24" rev="2">
<attrib name="value" value="70"/></item>
<item name="ACIN25" rev="2">
<attrib name="value" value="70"/></item>
<item name="ACIN26" rev="2">
<attrib name="value" value="70"/></item>
<item name="ACIN27" rev="2">
<attrib name="value" value="70"/></item>
<item name="ACIN28" rev="2">
<attrib name="value" value="70"/></item>
<item name="ACIN29" rev="2">
<attrib name="value" value="70"/></item>
<item name="ACIN3" rev="2">
<attrib name="value" value="70"/></item>
<item name="ACIN4" rev="2">
<attrib name="value" value="70"/></item>
<item name="ACIN5" rev="2">
<attrib name="value" value="70"/></item>
<item name="ACIN6" rev="2">
<attrib name="value" value="70"/></item>
<item name="ACIN7" rev="2">
<attrib name="value" value="70"/></item>
<item name="ACIN8" rev="2">
<attrib name="value" value="70"/></item>
<item name="ACIN9" rev="2">
<attrib name="value" value="70"/></item>
<item name="ACOUT0" rev="2">
<attrib name="value" value="70"/></item>
<item name="ACOUT1" rev="2">
<attrib name="value" value="70"/></item>
<item name="ACOUT10" rev="2">
<attrib name="value" value="70"/></item>
<item name="ACOUT11" rev="2">
<attrib name="value" value="70"/></item>
<item name="ACOUT12" rev="2">
<attrib name="value" value="70"/></item>
<item name="ACOUT13" rev="2">
<attrib name="value" value="70"/></item>
<item name="ACOUT14" rev="2">
<attrib name="value" value="70"/></item>
<item name="ACOUT15" rev="2">
<attrib name="value" value="70"/></item>
<item name="ACOUT16" rev="2">
<attrib name="value" value="70"/></item>
<item name="ACOUT17" rev="2">
<attrib name="value" value="70"/></item>
<item name="ACOUT18" rev="2">
<attrib name="value" value="70"/></item>
<item name="ACOUT19" rev="2">
<attrib name="value" value="70"/></item>
<item name="ACOUT2" rev="2">
<attrib name="value" value="70"/></item>
<item name="ACOUT20" rev="2">
<attrib name="value" value="70"/></item>
<item name="ACOUT21" rev="2">
<attrib name="value" value="70"/></item>
<item name="ACOUT22" rev="2">
<attrib name="value" value="70"/></item>
<item name="ACOUT23" rev="2">
<attrib name="value" value="70"/></item>
<item name="ACOUT24" rev="2">
<attrib name="value" value="70"/></item>
<item name="ACOUT25" rev="2">
<attrib name="value" value="70"/></item>
<item name="ACOUT26" rev="2">
<attrib name="value" value="70"/></item>
<item name="ACOUT27" rev="2">
<attrib name="value" value="70"/></item>
<item name="ACOUT28" rev="2">
<attrib name="value" value="70"/></item>
<item name="ACOUT29" rev="2">
<attrib name="value" value="70"/></item>
<item name="ACOUT3" rev="2">
<attrib name="value" value="70"/></item>
<item name="ACOUT4" rev="2">
<attrib name="value" value="70"/></item>
<item name="ACOUT5" rev="2">
<attrib name="value" value="70"/></item>
<item name="ACOUT6" rev="2">
<attrib name="value" value="70"/></item>
<item name="ACOUT7" rev="2">
<attrib name="value" value="70"/></item>
<item name="ACOUT8" rev="2">
<attrib name="value" value="70"/></item>
<item name="ACOUT9" rev="2">
<attrib name="value" value="70"/></item>
<item name="ALUMODE0" rev="2">
<attrib name="value" value="218"/></item>
<item name="ALUMODE1" rev="2">
<attrib name="value" value="218"/></item>
<item name="ALUMODE2" rev="2">
<attrib name="value" value="218"/></item>
<item name="ALUMODE3" rev="2">
<attrib name="value" value="218"/></item>
<item name="B0" rev="2">
<attrib name="value" value="218"/></item>
<item name="B1" rev="2">
<attrib name="value" value="218"/></item>
<item name="B10" rev="2">
<attrib name="value" value="218"/></item>
<item name="B11" rev="2">
<attrib name="value" value="218"/></item>
<item name="B12" rev="2">
<attrib name="value" value="218"/></item>
<item name="B13" rev="2">
<attrib name="value" value="218"/></item>
<item name="B14" rev="2">
<attrib name="value" value="218"/></item>
<item name="B15" rev="2">
<attrib name="value" value="218"/></item>
<item name="B16" rev="2">
<attrib name="value" value="218"/></item>
<item name="B17" rev="2">
<attrib name="value" value="218"/></item>
<item name="B2" rev="2">
<attrib name="value" value="218"/></item>
<item name="B3" rev="2">
<attrib name="value" value="218"/></item>
<item name="B4" rev="2">
<attrib name="value" value="218"/></item>
<item name="B5" rev="2">
<attrib name="value" value="218"/></item>
<item name="B6" rev="2">
<attrib name="value" value="218"/></item>
<item name="B7" rev="2">
<attrib name="value" value="218"/></item>
<item name="B8" rev="2">
<attrib name="value" value="218"/></item>
<item name="B9" rev="2">
<attrib name="value" value="218"/></item>
<item name="C0" rev="2">
<attrib name="value" value="218"/></item>
<item name="C1" rev="2">
<attrib name="value" value="218"/></item>
<item name="C10" rev="2">
<attrib name="value" value="218"/></item>
<item name="C11" rev="2">
<attrib name="value" value="218"/></item>
<item name="C12" rev="2">
<attrib name="value" value="218"/></item>
<item name="C13" rev="2">
<attrib name="value" value="218"/></item>
<item name="C14" rev="2">
<attrib name="value" value="218"/></item>
<item name="C15" rev="2">
<attrib name="value" value="218"/></item>
<item name="C16" rev="2">
<attrib name="value" value="218"/></item>
<item name="C17" rev="2">
<attrib name="value" value="218"/></item>
<item name="C18" rev="2">
<attrib name="value" value="218"/></item>
<item name="C19" rev="2">
<attrib name="value" value="218"/></item>
<item name="C2" rev="2">
<attrib name="value" value="218"/></item>
<item name="C20" rev="2">
<attrib name="value" value="218"/></item>
<item name="C21" rev="2">
<attrib name="value" value="218"/></item>
<item name="C22" rev="2">
<attrib name="value" value="218"/></item>
<item name="C23" rev="2">
<attrib name="value" value="218"/></item>
<item name="C24" rev="2">
<attrib name="value" value="218"/></item>
<item name="C25" rev="2">
<attrib name="value" value="218"/></item>
<item name="C26" rev="2">
<attrib name="value" value="218"/></item>
<item name="C27" rev="2">
<attrib name="value" value="218"/></item>
<item name="C28" rev="2">
<attrib name="value" value="218"/></item>
<item name="C29" rev="2">
<attrib name="value" value="218"/></item>
<item name="C3" rev="2">
<attrib name="value" value="218"/></item>
<item name="C30" rev="2">
<attrib name="value" value="218"/></item>
<item name="C31" rev="2">
<attrib name="value" value="218"/></item>
<item name="C32" rev="2">
<attrib name="value" value="218"/></item>
<item name="C33" rev="2">
<attrib name="value" value="218"/></item>
<item name="C34" rev="2">
<attrib name="value" value="218"/></item>
<item name="C35" rev="2">
<attrib name="value" value="218"/></item>
<item name="C36" rev="2">
<attrib name="value" value="218"/></item>
<item name="C37" rev="2">
<attrib name="value" value="218"/></item>
<item name="C38" rev="2">
<attrib name="value" value="218"/></item>
<item name="C39" rev="2">
<attrib name="value" value="218"/></item>
<item name="C4" rev="2">
<attrib name="value" value="218"/></item>
<item name="C40" rev="2">
<attrib name="value" value="218"/></item>
<item name="C41" rev="2">
<attrib name="value" value="218"/></item>
<item name="C42" rev="2">
<attrib name="value" value="218"/></item>
<item name="C43" rev="2">
<attrib name="value" value="218"/></item>
<item name="C44" rev="2">
<attrib name="value" value="218"/></item>
<item name="C45" rev="2">
<attrib name="value" value="218"/></item>
<item name="C46" rev="2">
<attrib name="value" value="218"/></item>
<item name="C47" rev="2">
<attrib name="value" value="218"/></item>
<item name="C5" rev="2">
<attrib name="value" value="218"/></item>
<item name="C6" rev="2">
<attrib name="value" value="218"/></item>
<item name="C7" rev="2">
<attrib name="value" value="218"/></item>
<item name="C8" rev="2">
<attrib name="value" value="218"/></item>
<item name="C9" rev="2">
<attrib name="value" value="218"/></item>
<item name="CARRYIN" rev="2">
<attrib name="value" value="218"/></item>
<item name="CARRYINSEL0" rev="2">
<attrib name="value" value="218"/></item>
<item name="CARRYINSEL1" rev="2">
<attrib name="value" value="218"/></item>
<item name="CARRYINSEL2" rev="2">
<attrib name="value" value="218"/></item>
<item name="CARRYOUT3" rev="2">
<attrib name="value" value="70"/></item>
<item name="CEA1" rev="2">
<attrib name="value" value="218"/></item>
<item name="CEA2" rev="2">
<attrib name="value" value="218"/></item>
<item name="CEAD" rev="2">
<attrib name="value" value="218"/></item>
<item name="CEALUMODE" rev="2">
<attrib name="value" value="218"/></item>
<item name="CEB1" rev="2">
<attrib name="value" value="218"/></item>
<item name="CEB2" rev="2">
<attrib name="value" value="218"/></item>
<item name="CEC" rev="2">
<attrib name="value" value="218"/></item>
<item name="CECARRYIN" rev="2">
<attrib name="value" value="218"/></item>
<item name="CECTRL" rev="2">
<attrib name="value" value="218"/></item>
<item name="CED" rev="2">
<attrib name="value" value="218"/></item>
<item name="CEINMODE" rev="2">
<attrib name="value" value="218"/></item>
<item name="CEM" rev="2">
<attrib name="value" value="218"/></item>
<item name="CEP" rev="2">
<attrib name="value" value="218"/></item>
<item name="CLK" rev="2">
<attrib name="value" value="218"/></item>
<item name="D0" rev="2">
<attrib name="value" value="218"/></item>
<item name="D1" rev="2">
<attrib name="value" value="218"/></item>
<item name="D10" rev="2">
<attrib name="value" value="218"/></item>
<item name="D11" rev="2">
<attrib name="value" value="218"/></item>
<item name="D12" rev="2">
<attrib name="value" value="218"/></item>
<item name="D13" rev="2">
<attrib name="value" value="218"/></item>
<item name="D14" rev="2">
<attrib name="value" value="218"/></item>
<item name="D15" rev="2">
<attrib name="value" value="218"/></item>
<item name="D16" rev="2">
<attrib name="value" value="218"/></item>
<item name="D17" rev="2">
<attrib name="value" value="218"/></item>
<item name="D18" rev="2">
<attrib name="value" value="218"/></item>
<item name="D19" rev="2">
<attrib name="value" value="218"/></item>
<item name="D2" rev="2">
<attrib name="value" value="218"/></item>
<item name="D20" rev="2">
<attrib name="value" value="218"/></item>
<item name="D21" rev="2">
<attrib name="value" value="218"/></item>
<item name="D22" rev="2">
<attrib name="value" value="218"/></item>
<item name="D23" rev="2">
<attrib name="value" value="218"/></item>
<item name="D24" rev="2">
<attrib name="value" value="218"/></item>
<item name="D3" rev="2">
<attrib name="value" value="218"/></item>
<item name="D4" rev="2">
<attrib name="value" value="218"/></item>
<item name="D5" rev="2">
<attrib name="value" value="218"/></item>
<item name="D6" rev="2">
<attrib name="value" value="218"/></item>
<item name="D7" rev="2">
<attrib name="value" value="218"/></item>
<item name="D8" rev="2">
<attrib name="value" value="218"/></item>
<item name="D9" rev="2">
<attrib name="value" value="218"/></item>
<item name="INMODE0" rev="2">
<attrib name="value" value="218"/></item>
<item name="INMODE1" rev="2">
<attrib name="value" value="218"/></item>
<item name="INMODE2" rev="2">
<attrib name="value" value="218"/></item>
<item name="INMODE3" rev="2">
<attrib name="value" value="218"/></item>
<item name="INMODE4" rev="2">
<attrib name="value" value="218"/></item>
<item name="OPMODE0" rev="2">
<attrib name="value" value="218"/></item>
<item name="OPMODE1" rev="2">
<attrib name="value" value="218"/></item>
<item name="OPMODE2" rev="2">
<attrib name="value" value="218"/></item>
<item name="OPMODE3" rev="2">
<attrib name="value" value="218"/></item>
<item name="OPMODE4" rev="2">
<attrib name="value" value="218"/></item>
<item name="OPMODE5" rev="2">
<attrib name="value" value="218"/></item>
<item name="OPMODE6" rev="2">
<attrib name="value" value="218"/></item>
<item name="P0" rev="2">
<attrib name="value" value="4"/></item>
<item name="P1" rev="2">
<attrib name="value" value="4"/></item>
<item name="P10" rev="2">
<attrib name="value" value="148"/></item>
<item name="P11" rev="2">
<attrib name="value" value="148"/></item>
<item name="P12" rev="2">
<attrib name="value" value="148"/></item>
<item name="P13" rev="2">
<attrib name="value" value="148"/></item>
<item name="P14" rev="2">
<attrib name="value" value="148"/></item>
<item name="P15" rev="2">
<attrib name="value" value="148"/></item>
<item name="P16" rev="2">
<attrib name="value" value="148"/></item>
<item name="P17" rev="2">
<attrib name="value" value="148"/></item>
<item name="P18" rev="2">
<attrib name="value" value="148"/></item>
<item name="P19" rev="2">
<attrib name="value" value="148"/></item>
<item name="P2" rev="2">
<attrib name="value" value="8"/></item>
<item name="P20" rev="2">
<attrib name="value" value="148"/></item>
<item name="P21" rev="2">
<attrib name="value" value="148"/></item>
<item name="P22" rev="2">
<attrib name="value" value="148"/></item>
<item name="P23" rev="2">
<attrib name="value" value="148"/></item>
<item name="P24" rev="2">
<attrib name="value" value="148"/></item>
<item name="P25" rev="2">
<attrib name="value" value="144"/></item>
<item name="P26" rev="2">
<attrib name="value" value="144"/></item>
<item name="P27" rev="2">
<attrib name="value" value="148"/></item>
<item name="P28" rev="2">
<attrib name="value" value="148"/></item>
<item name="P29" rev="2">
<attrib name="value" value="148"/></item>
<item name="P3" rev="2">
<attrib name="value" value="8"/></item>
<item name="P30" rev="2">
<attrib name="value" value="148"/></item>
<item name="P31" rev="2">
<attrib name="value" value="8"/></item>
<item name="P32" rev="2">
<attrib name="value" value="78"/></item>
<item name="P33" rev="2">
<attrib name="value" value="78"/></item>
<item name="P34" rev="2">
<attrib name="value" value="78"/></item>
<item name="P35" rev="2">
<attrib name="value" value="74"/></item>
<item name="P36" rev="2">
<attrib name="value" value="74"/></item>
<item name="P37" rev="2">
<attrib name="value" value="74"/></item>
<item name="P38" rev="2">
<attrib name="value" value="74"/></item>
<item name="P39" rev="2">
<attrib name="value" value="74"/></item>
<item name="P4" rev="2">
<attrib name="value" value="8"/></item>
<item name="P41" rev="2">
<attrib name="value" value="70"/></item>
<item name="P42" rev="2">
<attrib name="value" value="70"/></item>
<item name="P43" rev="2">
<attrib name="value" value="70"/></item>
<item name="P44" rev="2">
<attrib name="value" value="70"/></item>
<item name="P45" rev="2">
<attrib name="value" value="70"/></item>
<item name="P46" rev="2">
<attrib name="value" value="70"/></item>
<item name="P47" rev="2">
<attrib name="value" value="70"/></item>
<item name="P5" rev="2">
<attrib name="value" value="78"/></item>
<item name="P6" rev="2">
<attrib name="value" value="78"/></item>
<item name="P7" rev="2">
<attrib name="value" value="148"/></item>
<item name="P8" rev="2">
<attrib name="value" value="148"/></item>
<item name="P9" rev="2">
<attrib name="value" value="148"/></item>
<item name="PATTERNDETECT" rev="2">
<attrib name="value" value="144"/></item>
<item name="PCIN0" rev="2">
<attrib name="value" value="140"/></item>
<item name="PCIN1" rev="2">
<attrib name="value" value="140"/></item>
<item name="PCIN10" rev="2">
<attrib name="value" value="140"/></item>
<item name="PCIN11" rev="2">
<attrib name="value" value="140"/></item>
<item name="PCIN12" rev="2">
<attrib name="value" value="140"/></item>
<item name="PCIN13" rev="2">
<attrib name="value" value="140"/></item>
<item name="PCIN14" rev="2">
<attrib name="value" value="140"/></item>
<item name="PCIN15" rev="2">
<attrib name="value" value="140"/></item>
<item name="PCIN16" rev="2">
<attrib name="value" value="140"/></item>
<item name="PCIN17" rev="2">
<attrib name="value" value="140"/></item>
<item name="PCIN18" rev="2">
<attrib name="value" value="140"/></item>
<item name="PCIN19" rev="2">
<attrib name="value" value="140"/></item>
<item name="PCIN2" rev="2">
<attrib name="value" value="140"/></item>
<item name="PCIN20" rev="2">
<attrib name="value" value="140"/></item>
<item name="PCIN21" rev="2">
<attrib name="value" value="140"/></item>
<item name="PCIN22" rev="2">
<attrib name="value" value="140"/></item>
<item name="PCIN23" rev="2">
<attrib name="value" value="140"/></item>
<item name="PCIN24" rev="2">
<attrib name="value" value="140"/></item>
<item name="PCIN25" rev="2">
<attrib name="value" value="140"/></item>
<item name="PCIN26" rev="2">
<attrib name="value" value="140"/></item>
<item name="PCIN27" rev="2">
<attrib name="value" value="140"/></item>
<item name="PCIN28" rev="2">
<attrib name="value" value="140"/></item>
<item name="PCIN29" rev="2">
<attrib name="value" value="140"/></item>
<item name="PCIN3" rev="2">
<attrib name="value" value="140"/></item>
<item name="PCIN30" rev="2">
<attrib name="value" value="140"/></item>
<item name="PCIN31" rev="2">
<attrib name="value" value="140"/></item>
<item name="PCIN32" rev="2">
<attrib name="value" value="140"/></item>
<item name="PCIN33" rev="2">
<attrib name="value" value="140"/></item>
<item name="PCIN34" rev="2">
<attrib name="value" value="140"/></item>
<item name="PCIN35" rev="2">
<attrib name="value" value="140"/></item>
<item name="PCIN36" rev="2">
<attrib name="value" value="140"/></item>
<item name="PCIN37" rev="2">
<attrib name="value" value="140"/></item>
<item name="PCIN38" rev="2">
<attrib name="value" value="140"/></item>
<item name="PCIN39" rev="2">
<attrib name="value" value="140"/></item>
<item name="PCIN4" rev="2">
<attrib name="value" value="140"/></item>
<item name="PCIN40" rev="2">
<attrib name="value" value="140"/></item>
<item name="PCIN41" rev="2">
<attrib name="value" value="140"/></item>
<item name="PCIN42" rev="2">
<attrib name="value" value="140"/></item>
<item name="PCIN43" rev="2">
<attrib name="value" value="140"/></item>
<item name="PCIN44" rev="2">
<attrib name="value" value="140"/></item>
<item name="PCIN45" rev="2">
<attrib name="value" value="140"/></item>
<item name="PCIN46" rev="2">
<attrib name="value" value="140"/></item>
<item name="PCIN47" rev="2">
<attrib name="value" value="140"/></item>
<item name="PCIN5" rev="2">
<attrib name="value" value="140"/></item>
<item name="PCIN6" rev="2">
<attrib name="value" value="140"/></item>
<item name="PCIN7" rev="2">
<attrib name="value" value="140"/></item>
<item name="PCIN8" rev="2">
<attrib name="value" value="140"/></item>
<item name="PCIN9" rev="2">
<attrib name="value" value="140"/></item>
<item name="PCOUT0" rev="2">
<attrib name="value" value="140"/></item>
<item name="PCOUT1" rev="2">
<attrib name="value" value="140"/></item>
<item name="PCOUT10" rev="2">
<attrib name="value" value="140"/></item>
<item name="PCOUT11" rev="2">
<attrib name="value" value="140"/></item>
<item name="PCOUT12" rev="2">
<attrib name="value" value="140"/></item>
<item name="PCOUT13" rev="2">
<attrib name="value" value="140"/></item>
<item name="PCOUT14" rev="2">
<attrib name="value" value="140"/></item>
<item name="PCOUT15" rev="2">
<attrib name="value" value="140"/></item>
<item name="PCOUT16" rev="2">
<attrib name="value" value="140"/></item>
<item name="PCOUT17" rev="2">
<attrib name="value" value="140"/></item>
<item name="PCOUT18" rev="2">
<attrib name="value" value="140"/></item>
<item name="PCOUT19" rev="2">
<attrib name="value" value="140"/></item>
<item name="PCOUT2" rev="2">
<attrib name="value" value="140"/></item>
<item name="PCOUT20" rev="2">
<attrib name="value" value="140"/></item>
<item name="PCOUT21" rev="2">
<attrib name="value" value="140"/></item>
<item name="PCOUT22" rev="2">
<attrib name="value" value="140"/></item>
<item name="PCOUT23" rev="2">
<attrib name="value" value="140"/></item>
<item name="PCOUT24" rev="2">
<attrib name="value" value="140"/></item>
<item name="PCOUT25" rev="2">
<attrib name="value" value="140"/></item>
<item name="PCOUT26" rev="2">
<attrib name="value" value="140"/></item>
<item name="PCOUT27" rev="2">
<attrib name="value" value="140"/></item>
<item name="PCOUT28" rev="2">
<attrib name="value" value="140"/></item>
<item name="PCOUT29" rev="2">
<attrib name="value" value="140"/></item>
<item name="PCOUT3" rev="2">
<attrib name="value" value="140"/></item>
<item name="PCOUT30" rev="2">
<attrib name="value" value="140"/></item>
<item name="PCOUT31" rev="2">
<attrib name="value" value="140"/></item>
<item name="PCOUT32" rev="2">
<attrib name="value" value="140"/></item>
<item name="PCOUT33" rev="2">
<attrib name="value" value="140"/></item>
<item name="PCOUT34" rev="2">
<attrib name="value" value="140"/></item>
<item name="PCOUT35" rev="2">
<attrib name="value" value="140"/></item>
<item name="PCOUT36" rev="2">
<attrib name="value" value="140"/></item>
<item name="PCOUT37" rev="2">
<attrib name="value" value="140"/></item>
<item name="PCOUT38" rev="2">
<attrib name="value" value="140"/></item>
<item name="PCOUT39" rev="2">
<attrib name="value" value="140"/></item>
<item name="PCOUT4" rev="2">
<attrib name="value" value="140"/></item>
<item name="PCOUT40" rev="2">
<attrib name="value" value="140"/></item>
<item name="PCOUT41" rev="2">
<attrib name="value" value="140"/></item>
<item name="PCOUT42" rev="2">
<attrib name="value" value="140"/></item>
<item name="PCOUT43" rev="2">
<attrib name="value" value="140"/></item>
<item name="PCOUT44" rev="2">
<attrib name="value" value="140"/></item>
<item name="PCOUT45" rev="2">
<attrib name="value" value="140"/></item>
<item name="PCOUT46" rev="2">
<attrib name="value" value="140"/></item>
<item name="PCOUT47" rev="2">
<attrib name="value" value="140"/></item>
<item name="PCOUT5" rev="2">
<attrib name="value" value="140"/></item>
<item name="PCOUT6" rev="2">
<attrib name="value" value="140"/></item>
<item name="PCOUT7" rev="2">
<attrib name="value" value="140"/></item>
<item name="PCOUT8" rev="2">
<attrib name="value" value="140"/></item>
<item name="PCOUT9" rev="2">
<attrib name="value" value="140"/></item>
<item name="RSTA" rev="2">
<attrib name="value" value="218"/></item>
<item name="RSTALLCARRYIN" rev="2">
<attrib name="value" value="218"/></item>
<item name="RSTALUMODE" rev="2">
<attrib name="value" value="218"/></item>
<item name="RSTB" rev="2">
<attrib name="value" value="218"/></item>
<item name="RSTC" rev="2">
<attrib name="value" value="218"/></item>
<item name="RSTCTRL" rev="2">
<attrib name="value" value="218"/></item>
<item name="RSTD" rev="2">
<attrib name="value" value="218"/></item>
<item name="RSTINMODE" rev="2">
<attrib name="value" value="218"/></item>
<item name="RSTM" rev="2">
<attrib name="value" value="218"/></item>
<item name="RSTP" rev="2">
<attrib name="value" value="218"/></item>
</group>
<group name="OLOGICE2">
<item name="CLK" rev="2">
<attrib name="value" value="4"/></item>
<item name="D1" rev="2">
<attrib name="value" value="4"/></item>
<item name="OCE" rev="2">
<attrib name="value" value="4"/></item>
<item name="OQ" rev="2">
<attrib name="value" value="4"/></item>
</group>
<group name="ILOGICE2_IFF">
<item name="CE" rev="2">
<attrib name="value" value="4"/></item>
<item name="CK" rev="2">
<attrib name="value" value="4"/></item>
<item name="D" rev="2">
<attrib name="value" value="4"/></item>
<item name="Q1" rev="2">
<attrib name="value" value="4"/></item>
</group>
<group name="CARRY4">
<item name="CIN" rev="2">
<attrib name="value" value="2519"/></item>
<item name="CO0" rev="2">
<attrib name="value" value="220"/></item>
<item name="CO1" rev="2">
<attrib name="value" value="238"/></item>
<item name="CO2" rev="2">
<attrib name="value" value="216"/></item>
<item name="CO3" rev="2">
<attrib name="value" value="2855"/></item>
<item name="CYINIT" rev="2">
<attrib name="value" value="837"/></item>
<item name="DI0" rev="2">
<attrib name="value" value="3079"/></item>
<item name="DI1" rev="2">
<attrib name="value" value="3078"/></item>
<item name="DI2" rev="2">
<attrib name="value" value="2905"/></item>
<item name="DI3" rev="2">
<attrib name="value" value="2827"/></item>
<item name="O0" rev="2">
<attrib name="value" value="2569"/></item>
<item name="O1" rev="2">
<attrib name="value" value="2465"/></item>
<item name="O2" rev="2">
<attrib name="value" value="2414"/></item>
<item name="O3" rev="2">
<attrib name="value" value="2336"/></item>
<item name="S0" rev="2">
<attrib name="value" value="3356"/></item>
<item name="S1" rev="2">
<attrib name="value" value="3194"/></item>
<item name="S2" rev="2">
<attrib name="value" value="3078"/></item>
<item name="S3" rev="2">
<attrib name="value" value="2885"/></item>
</group>
<group name="LUT5">
<item name="A1" rev="2">
<attrib name="value" value="860"/></item>
<item name="A2" rev="2">
<attrib name="value" value="3251"/></item>
<item name="A3" rev="2">
<attrib name="value" value="3444"/></item>
<item name="A4" rev="2">
<attrib name="value" value="2813"/></item>
<item name="A5" rev="2">
<attrib name="value" value="2426"/></item>
<item name="O5" rev="2">
<attrib name="value" value="9864"/></item>
</group>
<group name="LUT6">
<item name="A1" rev="2">
<attrib name="value" value="7860"/></item>
<item name="A2" rev="2">
<attrib name="value" value="11680"/></item>
<item name="A3" rev="2">
<attrib name="value" value="15696"/></item>
<item name="A4" rev="2">
<attrib name="value" value="17365"/></item>
<item name="A5" rev="2">
<attrib name="value" value="21742"/></item>
<item name="A6" rev="2">
<attrib name="value" value="24139"/></item>
<item name="O6" rev="2">
<attrib name="value" value="24872"/></item>
</group>
<group name="IOB33">
<item name="I" rev="2">
<attrib name="value" value="9"/></item>
<item name="O" rev="2">
<attrib name="value" value="14"/></item>
<item name="PAD" rev="2">
<attrib name="value" value="23"/></item>
</group>
<group name="SELMUX2_1">
<item name="0" rev="2">
<attrib name="value" value="46"/></item>
<item name="1" rev="2">
<attrib name="value" value="46"/></item>
<item name="OUT" rev="2">
<attrib name="value" value="46"/></item>
<item name="S0" rev="2">
<attrib name="value" value="46"/></item>
</group>
<group name="OLOGICE2_OUTFF">
<item name="CE" rev="2">
<attrib name="value" value="4"/></item>
<item name="CK" rev="2">
<attrib name="value" value="4"/></item>
<item name="D1" rev="2">
<attrib name="value" value="4"/></item>
<item name="Q" rev="2">
<attrib name="value" value="4"/></item>
</group>
<group name="ILOGICE2">
<item name="CE1" rev="2">
<attrib name="value" value="4"/></item>
<item name="CLK" rev="2">
<attrib name="value" value="4"/></item>
<item name="D" rev="2">
<attrib name="value" value="4"/></item>
<item name="Q1" rev="2">
<attrib name="value" value="4"/></item>
</group>
<group name="FF_INIT">
<item name="CE" rev="2">
<attrib name="value" value="50"/></item>
<item name="CK" rev="2">
<attrib name="value" value="83"/></item>
<item name="D" rev="2">
<attrib name="value" value="83"/></item>
<item name="Q" rev="2">
<attrib name="value" value="83"/></item>
<item name="SR" rev="2">
<attrib name="value" value="4"/></item>
</group>
<group name="HARD0">
<item name="0" rev="2">
<attrib name="value" value="492"/></item>
</group>
<group name="HARD1">
<item name="1" rev="2">
<attrib name="value" value="776"/></item>
</group>
<group name="BUFG">
<item name="I0" rev="2">
<attrib name="value" value="3"/></item>
<item name="O" rev="2">
<attrib name="value" value="3"/></item>
</group>
</ReportPinData>
<CmdHistory>
</CmdHistory>
</DeviceUsageSummary>
